public.address.address,public.address.city,public.address.zip,public.owner1FirstName,public.owner1LastName,public.estimatedValue,public.openMortgageBalance,listingId,priorListingId,id,modificationTimestamp,listing.courtesyOf,listing.customStatus,listing.hasPhotos,listing.internetAddressDisplayYN,listing.isListed,listing.listingAgentEmailAddress,listing.listingContractDate,listing.listPriceLow,listing.mlsNumber,listing.mlsBoardCode,listing.pricePerSqFt,listing.priceChangeTimestamp,listing.publicRemarks,listing.soldDate,listing.standardStatus,listing.url,listing.address.city,listing.address.countyOrParish,listing.address.stateOrProvince,listing.address.unparsedAddress,listing.address.zipCode,listing.leadTypes.mlsActive,listing.leadTypes.mlsCancelled,listing.leadTypes.mlsDaysOnMarket,listing.leadTypes.mlsFailed,listing.leadTypes.mlsHasPhotos,listing.leadTypes.mlsLastStatusDate,listing.leadTypes.mlsListingDate,listing.leadTypes.mlsListingPrice,listing.leadTypes.mlsPending,listing.leadTypes.mlsSold,listing.leadTypes.mlsSoldDate,listing.leadTypes.mlsSoldPrice,listing.leadTypes.mlsStatus,listing.leadTypes.mlsType,listing.property.associationFee,listing.property.bathroomsText,listing.property.bathroomsTotal,listing.property.bedroomsTotal,listing.property.garageSpaces,listing.property.hasBasement,listing.property.hasPool,listing.property.isCityView,listing.property.isMountainView,listing.property.isParkView,listing.property.isWaterFront,listing.property.isWaterView,listing.property.latitude,listing.property.livingArea,listing.property.location,listing.property.longitude,listing.property.lotSizeSquareFeet,listing.property.neighborhood,listing.property.propertySubType,listing.property.propertyType,listing.property.stories,listing.property.subdivisionName,listing.property.yearBuilt,listing.media.primaryListingImageUrl,listing.media.photosCount,listingAgent.email,listingAgent.firstName,listingAgent.fullName,listingAgent.lastName,listingAgent.mlsAgentId,listingAgent.mlsCode,listingAgent.phone,listingOffice.address,listingOffice.city,listingOffice.mlsCode,listingOffice.mlsOfficeId,listingOffice.name,listingOffice.phone,listingOffice.postalCode,listingOffice.stateOrProvince,public.absenteeType,public.age,public.apn,public.assessedImprovementValue,public.assessedLandValue,public.assessedValue,public.bathrooms,public.bedrooms,public.deckArea,public.documentType,public.documentTypeCode,public.equity,public.equityPercent,public.estimatedEquity,public.floodZoneDescription,public.floodZoneType,public.imageUrl,public.landUse,public.lastMortgage1Amount,public.lastSaleAmount,public.lastSaleDate,public.lastUpdateDate,public.latitude,public.listingAmount,public.loanTypeCode,public.location,public.longitude,public.lotSquareFeet,public.maturityDateFirst,public.medianIncome,public.neighborhood,public.owner2FirstName,public.owner2LastName,public.parcelAccountNumber,public.patioArea,public.poolArea,public.portfolioPurchasedLast12Months,public.portfolioPurchasedLast6Months,public.pricePerSquareFoot,public.priorOwnerMonthsOwned,public.priorSaleAmount,public.propertyId,public.propertyType,public.propertyUse,public.propertyUseCode,public.recordingDate,public.rentAmount,public.roomsCount,public.squareFeet,public.stories,public.suggestedRent,public.taxDelinquentYear,public.totalPortfolioEquity,public.totalPortfolioMortgageBalance,public.totalPortfolioValue,public.totalPropertiesOwned,public.unitsCount,public.yearBuilt,public.yearsOwned,public.basementFinishedPercent,public.basementSquareFeet,public.basementSquareFeetFinished,public.basementSquareFeetUnFinished,public.basementType,public.livingSquareFeet,public.leadTypes.absenteeOwner,public.leadTypes.adjustableRate,public.leadTypes.airConditioningAvailable,public.leadTypes.assumable,public.leadTypes.auction,public.leadTypes.basement,public.leadTypes.cashBuyer,public.leadTypes.corporateOwned,public.leadTypes.death,public.leadTypes.deck,public.leadTypes.floodZone,public.leadTypes.foreclosure,public.leadTypes.freeClear,public.leadTypes.garage,public.leadTypes.highEquity,public.leadTypes.inherited,public.leadTypes.inStateAbsenteeOwner,public.leadTypes.investorBuyer,public.leadTypes.judgment,public.leadTypes.MFH2to4,public.leadTypes.MFH5plus,public.leadTypes.outOfStateAbsenteeOwner,public.leadTypes.ownerOccupied,public.leadTypes.patio,public.leadTypes.pool,public.leadTypes.preForeclosure,public.leadTypes.priorOwnerIndividual,public.leadTypes.privateLender,public.leadTypes.vacant,public.address.street,public.address.county,public.address.state,public.address.label,public.mailAddress.address,public.mailAddress.street,public.mailAddress.city,public.mailAddress.county,public.mailAddress.state,public.mailAddress.zip,public.mailAddress.label,listing.sellingOfficeName,sellingAgent.email,sellingAgent.firstName,sellingAgent.fullName,sellingAgent.lastName,sellingAgent.mlsAgentId,sellingAgent.mlsCode,sellingAgent.phone,sellingOffice.address,sellingOffice.city,sellingOffice.mlsCode,sellingOffice.mlsOfficeId,sellingOffice.name,sellingOffice.phone,sellingOffice.postalCode,sellingOffice.stateOrProvince,public.noticeType,listing.schools.elementarySchool,listing.schools.middleOrJuniorSchool,listing.schools.highSchool,listingOffice.email,public.companyName
53 Hidden Oaks Dr,Lafayette,94549,Sandra,Clarke,4252000,2161250,10630771646,,144679071,2026-07-24 01:26:13 UTC,Stephanie Mull - Compass,Back on Market,True,True,False,stephanie@stellaandstephanie.com,2026-04-20 00:00:00 UTC,4295000,41131681,CAEBRD,810.377358490566,,"Thoughtfully designed and beautifully executed, this stunning estate embodies timeless elegance while offering exceptional comfort and effortless functionality for modern living.   A dramatic entry with soaring ceilings sets the tone, complemented by hand-scraped hardwood floors and Venetian plaster walls and ceilings that carry throughout the home. The formal living room boasts a beautiful fireplace and two sets of French doors to the back yard oasis and seamlessly connects to the formal dining room with walls of glass and a built-in beverage station with wine fridge, perfect for entertaining. The chef's kitchen is the heart of the home with top of the line stainless steel appliances, a large center island with prep sink and bar seating, abundance of storage and a sunlit casual dining area that flows seamlessly into the expansive family room and out to the backyard, creating a true indoor-outdoor lifestyle experience. The main level also features a richly paneled executive office, two powder bathrooms and a ensuite guest bedroom. Upstairs, the luxurious primary suite serves as a serene retreat, featuring a private balcony, cozy fireplace, spa-inspired bath, and a custom walk-in closet with its own dressing area. Two additional bedrooms share a  hall bath and a spacious bonus room offers exceptional flexibility for a media room, fitness studio, or playroom. Just beyond, the temperature-controlled wine cellar and tasting room, capable of housing over 2,000 bottles, creates a true collector’s experience.  The resort-style grounds are designed for year-round enjoyment, showcasing a sparkling pool and spa with safety covers, a bocce court illuminated by string lights, and multiple gathering areas for entertaining. The outdoor kitchen is equally impressive, featuring a Lynx pizza oven, DCS BBQ with rotisserie, and an outdoor refrigerator, perfect for effortless al fresco dining. A fire pit and level lawn complete the setting.  Additional highlights include copper gutters, recently installed vanity countertops and wool carpeting, an oversized three-car garage with epoxy flooring, ample storage, and custom walnut built-ins in every closet. Owned solar and two generators provide added efficiency and peace of mind. Ideally located just minutes from downtown Lafayette and Walnut Creek, BART, commute routes, scenic trails, and top-rated schools!",2019-05-21 00:00:00 UTC,Closed,https://realty.com/mls_listing/BridgeMLS/41131681,Lafayette,Contra Costa,CA,53 Hidden Oaks Dr,94549,False,True,98,False,True,2026-07-23 22:11:03 UTC,2026-04-20 00:00:00 UTC,4295000,False,False,2019-05-21 00:00:00 UTC,,Back on Market,['Residential'],,Five Full Bath,5,4.0,3.0,False,True,False,False,False,False,False,37.888913,5300,POINT(-122.088776 37.888913),-122.088776,39248.0,HIDDEN OAKS,['Single Family Residence'],Residential,2.0,HIDDEN OAKS,2006,https://imagecdn.realty.dev/mls_photos/BridgeMLS/41131681/1.jpg,1,stephanie@stellaandstephanie.com,Stephanie,Stephanie Mull,Mull,13473031716581,207061302,(925) 878-1896,3595 Mt. Diablo Blvd.,Lafayette,CCCOMPS01,13471573644816,Compass,(925) 270-4269,94549,CA,Owner Occupied,20,185-430-024-9,2229739,1449080,3678819,4,4,0,Grant Deed,DTGD,2090750.0,58,2469354,AREA OF MINIMAL FLOOD HAZARD,X,https://imagecdn.realty.dev/mls_photos/BridgeMLS/41131681/1.jpg,Residential,2161250.0,3325000,2019-05-21,2026-07-30 00:00:00 UTC,37.88904509134879,,ARM,POINT(-122.088853009096 37.8890450913488),-122.08885300909647,39248,2049-09-01,190250.0,Hidden Oaks,Michael,Clarke,185-430-024-9,0,0,0.0,0.0,878.14,34.0,3625000.0,144679071,SFR,Single Family Residence,385,2019-08-21,4480.0,12,4891,2.0,4480.0,,3082881.0,1787419.0,4870300.0,2.0,0,2006,7,,0,0,,NO BASEMENT,4891,False,True,True,False,False,True,False,False,False,False,True,False,False,True,True,False,False,False,False,False,False,False,True,False,True,False,False,False,False,Hidden Oaks,Contra Costa County,CA,"53 Hidden Oaks Dr, Lafayette, CA 94549",53 Hidden Oaks Dr,Hidden Oaks,Lafayette,Contra Costa County,CA,94549,"53 Hidden Oaks Dr, Lafayette, CA 94549",,,,,,,,,,,,,,,,,,,,,,
616 Minert Rd,Walnut Creek,94598,Mike,Mcgrath,1530000,1073000,10636366737,,26395953,2026-07-10 23:10:46 UTC,Dylan Kelley - California 24,Active,True,True,False,dylankelleyrealtor@gmail.com,2026-06-08 00:00:00 UTC,1545000,41137225,CACCSTA,698.7788331071913,2026-06-04 04:00:00 UTC,"Spacious 5 bedroom, 3 bath ranch style home situated on a corner 1/4 acre lot, featuring an open concept floor plan designed for comfortable everyday living and effortless entertaining. Exposed wood beam ceilings add architectural appeal throughout the main living space. The kitchen serves as the heart of the home with striking Carrara Quartz waterfall countertops, a large center island with generous prep space, and seamless flow between the dining and living areas. The inviting living room is anchored by an expansive brick fireplace with gas insert and built in hearth seating, adding warmth and character The backyard offers a private retreat with a sparkling pool, copper solar heating system, drought tolerant landscaping, mature succulents, established plantings, rosemary bushes, a lemon tree, and multiple spaces for outdoor enjoyment. Two side-yard access gates and a detached pool shed provide added functionality and storage.  Conveniently located near schools, parks, shopping, dining, downtown Walnut Creek, BART, and major commute routes, this property offers a desirable combination of space, comfort, and accessibility.  Sunday Open House 7/12 from 2-4pm",2025-09-21 00:00:00 UTC,Closed,https://realty.com/mls_listing/ContraCosta/41137225,Walnut Creek,Contra Costa,CA,616 Minert Rd,94598,False,True,49,False,True,2026-06-08 21:46:45 UTC,2026-06-08 00:00:00 UTC,1545000,False,False,2025-09-21 00:00:00 UTC,,Active,['Residential'],,Three Full Bath,3,5.0,2.0,False,True,False,False,False,False,False,37.937737,2211,POINT(-122.038587 37.937737),-122.038587,11050.0,Carriage Square,['Single Family Residence'],Residential,1.0,Carriage Square,1972,https://imagecdn.realty.dev/mls_photos/ContraCosta/41137225/1.jpg,1,dylankelleyrealtor@gmail.com,Dylan,Dylan Kelley,Kelley,9961701842377,159526245,(925) 360-0327,1100 Moraga Way #113,Moraga,CCCALI24,9966480379067357882,California 24,(510) 694-2244,94556,CA,Owner Occupied,54,145-030-027-0,447372,983178,1430550,3,5,0,Intrafamily Transfer,DTIT,362000.0,29,445440,AREA OF MINIMAL FLOOD HAZARD,X,https://imagecdn.realty.dev/mls_photos/ContraCosta/41137225/1.jpg,Residential,1073000.0,0,2025-09-21,2026-07-29 00:00:00 UTC,37.93773160943688,,COV,POINT(-122.038581802336 37.9377316094369),-122.03858180233561,11050,2052-11-01,166534.0,,Jill,Peers,145-030-027-0,0,0,1.0,0.0,698.78,36.0,1375000.0,26395953,SFR,Single Family Residence,385,2025-10-09,,10,2211,1.0,,,994651.0,1249349.0,2244000.0,2.0,0,1972,0,,0,0,,NO BASEMENT,2211,False,False,True,False,False,True,False,False,False,False,True,False,False,True,False,True,False,False,False,False,False,False,True,False,True,False,True,False,False,Minert,Contra Costa County,CA,"616 Minert Rd, Walnut Creek, CA 94598",616 Minert Rd,Minert,Walnut Creek,Contra Costa County,CA,94598,"616 Minert Rd, Walnut Creek, CA 94598",,,,,,,,,,,,,,,,,NR,,,,,
285 Camino Pablo,Orinda,94563,Christopher,Tiltges,1282000,591032,10628995220,,18667033,2026-07-09 23:06:37 UTC,"Shannon Thoke - Harper Properties, Inc.",Active,True,True,False,shannon.thoke@gmail.com,2026-03-16 00:00:00 UTC,1249000,ML82038763,CAEBRD,609.86328125,,"This beautiful home has been lovingly updated with an artistic eye. The gourmet kitchen boasts stainless steel appliances, dark quartz counters and oodles of cabinetry and opens to to dining room with vaulted ceilings and beams. Each room is adorned with hardwood floors, dual pane windows and a bright and light environment. The living room has a modern and inviting gas fireplace and opens to the yard where you have speakers and the ability for a projector screen. Home is outfitted with numerous Smart devices including cameras, interior and exterior lighting, smoke detectors, and climate control. The tree-filled setting is surrounded by majestic redwoods include several areas for outside entertaining, and blue tile pathways. Steeper driveway leads to poetic vistas. Additional features include: massive walk-in closet, cental air conditioner, heated floor in kitchen/primary suite, master bath steam shower, green house, bonus shed/office with power, raised garden boxes, finished garage with epoxy floor, tv mounts, and speakers, and wine refrigerator. Views of OCC and golf course, close to award winning Orinda schools, and easy access to downtown, shops, restaurants, Peet's and Starbucks, BART and highway 24.",2019-11-26 00:00:00 UTC,Closed,https://realty.com/mls_listing/BridgeMLS/ML82038763,Orinda,Contra Costa,CA,285 Camino Pablo,94563,False,True,140,False,True,2026-06-02 19:12:01 UTC,2026-03-16 00:00:00 UTC,1249000,False,False,2019-11-26 00:00:00 UTC,,Active,['Residential'],,Three Full Bath,3,3.0,2.0,False,False,False,False,False,False,False,37.894679,2048,POINT(-122.206269 37.894679),-122.206269,15810.0,,['Single Family Residence'],Residential,2.0,,1951,https://imagecdn.realty.dev/mls_photos/BridgeMLS/ML82038763/1.jpg,1,shannon.thoke@gmail.com,Shannon,Shannon Thoke,Thoke,1347575135957,MLL5067903,(650) 924-1340,116 O'connor Street,,MLL5009674,13471646725035,"Harper Properties, Inc.",(650) 924-1340,94025,CA,Owner Occupied,75,264-010-024-0,273408,546820,820228,2,3,0,Grant Deed,DTGD,690968.0,58,754777,AREA OF MINIMAL FLOOD HAZARD,X,https://imagecdn.realty.dev/mls_photos/BridgeMLS/ML82038763/1.jpg,Residential,591032.0,750000,2019-11-26,2026-07-30 00:00:00 UTC,37.89504236425403,,COV,POINT(-122.2063756771 37.895042364254),-122.2063756771001,15810,2051-02-01,,,Karly,Tufenkjian,264-010-024-0,0,0,,,841.08,56.0,0.0,18667033,SFR,Single Family Residence,385,2019-12-04,4720.0,6,1485,2.0,4720.0,,,,,,0,1951,6,,0,0,,NO BASEMENT,1485,False,False,True,False,False,True,False,False,False,False,True,False,False,True,True,False,False,False,False,False,False,False,True,False,False,False,True,False,False,Camino Pablo,Contra Costa County,CA,"285 Camino Pablo, Orinda, CA 94563",285 Camino Pablo,Camino Pablo,Orinda,Contra Costa County,CA,94563,"285 Camino Pablo, Orinda, CA 94563",,,,,,,,,,,,,,,,,NR,Wagner Ranch Elementary,Orinda Intermediate,,,
2037 Banbury Rd,Walnut Creek,94598,Satyanarayana,Sai Prashant Kommireddi,1870000,781000,10636110022,,157259657,2026-07-05 09:01:09 UTC,Pauline David - Intero Real Estate Services,Active,True,True,False,paulinedavidhomes@gmail.com,2026-05-29 00:00:00 UTC,1849999,ML82049148,CAREIL-R,664.5111350574713,,"Welcome to 2037 Banbury Rdan expansive Plambeck ranch-style home in one of Walnut Creek's most sought after neighborhoods.Offering approximately 2,784 sq.ft of thoughtfully designed living space with 5 bedrooms and 2.5 bathrooms on a 12,000 sq ft lot,this exceptional single story home blends timeless character, spacious interiors, and beautifully landscaped outdoor living, while abundant natural light enhances generous living areas.Updated hardwood flooring leads into the formal living and dining rooms, both overlooking the private backyard.The spacious floor plan continues into the oversized family room with fireplace,ideal for everyday living and entertaining.The family sized eat in kitchen features granite countertops, stainless steel appliances, and ample cabinetry. An oversized laundry room and abundant storage highlight this highly desirable floor plan.The landscaped backyard offers a serene retreat with mature redwoods, raised garden beds and lush greenery. Additional highlights include solar panels. Ideally located near downtown Walnut Creek,Heather Farm Park,BART,John Muir Hospital, top-rated schools, shopping, dining, and Highway 680,2037 Banbury Road offers the perfect blend of comfort, convenience, and California living.",2024-06-17 00:00:00 UTC,Closed,https://realty.com/mls_listing/MLSL/ML82049148,WALNUT CREEK,Contra Costa,CA,2037 Banbury Road,94598,False,True,59,False,True,2026-05-29 19:33:04 UTC,2026-05-29 00:00:00 UTC,1849999,False,False,2024-06-17 00:00:00 UTC,,Active,['Residential'],,Three Full And One Half Baths,3,5.0,2.0,False,False,False,False,False,False,False,37.924093,2784,POINT(-122.037367 37.924093),-122.037367,,Estate Of Walnut Creek,['Single Family Residence'],Residential,1.0,,1976,https://imagecdn.realty.dev/mls_photos/MLSL/ML82049148/1.jpg,1,paulinedavidhomes@gmail.com,Pauline,Pauline David,David,4713428604542,01320672,(408) 761-8802,,,36117,4713769439951,Intero Real Estate Services,(408) 979-5900,,,Owner Occupied,50,143-091-010-7,708687,691620,1400307,2,5,0,Intrafamily Transfer,DTIT,1089000.0,62,1167740,AREA OF MINIMAL FLOOD HAZARD,X,https://imagecdn.realty.dev/mls_photos/MLSL/ML82049148/1.jpg,Residential,781000.0,0,2024-06-17,2026-07-29 00:00:00 UTC,37.92404633906444,,COV,POINT(-122.037331278247 37.9240463390644),-122.03733127824736,12000,2051-06-01,166534.0,Estate Of Walnut Creek,Prerna,Walia,143-091-010-7,0,0,0.0,0.0,664.51,71.0,0.0,157259657,SFR,Single Family Residence,385,2024-07-03,,11,2784,1.0,,,3434676.0,4144324.0,7579000.0,2.0,0,1976,2,,0,0,,NO BASEMENT,2784,False,False,True,False,False,True,False,False,False,False,True,False,False,True,True,True,False,False,False,False,False,False,True,False,False,False,True,False,False,Banbury,Contra Costa County,CA,"2037 Banbury Rd, Walnut Creek, CA 94598",16010 Camino Del Cerro,Camino Del Cerro,Los Gatos,Santa Clara County,CA,95032,"16010 Camino Del Cerro, Los Gatos, CA 95032",,,,,,,,,,,,,,,,,,Bancroft Elementary,Foothill Middle,Northgate High,,
1934 Beacon Ridge Ct,Walnut Creek,94597,Saroose,Mortazavi,1224000,957849,10636189742,,149232364,2026-06-22 15:31:48 UTC,Kevin Liang - Compass,Active,True,True,False,klianghomes@gmail.com,2026-06-04 00:00:00 UTC,1198000,41136750,CACCSTA,648.9707475622969,2026-06-01 04:00:00 UTC,"One of the most sought-after floor plans in the community, offering the convenience of single-level living with the majority of living spaces & bedrooms on one floor. 3 bedrooms plus a huge loft, and a finished bonus room. Soaring vaulted ceilings, expansive windows, and hardwood floors fill the home with natural light and create an open, airy feel throughout.  The beautifully remodeled kitchen features quartz countertops, a designer backsplash, and modern finishes. An additional spacious loft provides flexible space for a home office, reading nook, or creative retreat, while the finished bonus room off the garage is ideal for a home gym, media room, or a workshop.  Step outside to a spacious backyard with a charming brick patio backing to open space, creating a peaceful setting for relaxing or entertaining.  Enjoy resort-style amenities just moments away, including the community swimming pool, tennis courts, and miles of nearby hiking and biking trails. This exclusive gated community offers convenient access to downtown Lafayette, Walnut Creek, Pleasant Hill, and BART.  Located within the highly acclaimed Lafayette and Acalanes school districts, this is a rare opportunity to enjoy comfort, convenience, and an exceptional lifestyle. Welcome home.",2024-10-10 00:00:00 UTC,Closed,https://realty.com/mls_listing/ContraCosta/41136750,Walnut Creek,Contra Costa,CA,1934 Beacon Ridge Ct,94597,False,True,28,False,True,2026-06-04 14:26:44 UTC,2026-06-04 00:00:00 UTC,1198000,False,False,2024-10-10 00:00:00 UTC,,Active,['Residential'],973.0,Two Full Bath,2,3.0,2.0,False,True,False,False,False,False,False,37.912605,1846,POINT(-122.096234 37.912605),-122.096234,2340.0,Beacon Ridge,['Townhouse'],Residential,2.0,Beacon Ridge,1989,https://imagecdn.realty.dev/mls_photos/ContraCosta/41136750/1.jpg,1,klianghomes@gmail.com,Kevin,Kevin Liang,Liang,996424887394,206541068,(415) 728-8287,1646 N. California Blvd,Walnut Creek,SHGM05,9963301233028,Compass,(925) 934-1111,94596,CA,Owner Occupied,37,175-370-023-4,448800,775200,1224000,2,3,0,Intrafamily Transfer,DTIT,228151.0,23,286264,AREA OF MINIMAL FLOOD HAZARD,X,https://imagecdn.realty.dev/mls_photos/ContraCosta/41136750/1.jpg,Residential,957849.0,0,2024-10-10,2026-07-22 00:00:00 UTC,37.91255175008478,,COV,POINT(-122.096259499623 37.9125517500848),-122.09625949962339,2340,2054-11-01,133930.0,Beacon Ridge,Asal,Mortazavi,175-370-023-4,0,0,,,648.97,7.0,1200000.0,149232364,SFR,Townhouse,386,2024-10-16,3700.0,8,1846,,3700.0,,,,,,0,1989,1,0.0,160,0,,,1846,False,True,True,False,False,False,False,False,False,False,True,False,False,True,False,True,False,False,False,False,False,False,True,False,False,False,True,False,False,Beacon Ridge,Contra Costa County,CA,"1934 Beacon Ridge Ct, Walnut Creek, CA 94597",1934 Beacon Ridge Ct,Beacon Ridge,Walnut Creek,Contra Costa County,CA,94597,"1934 Beacon Ridge Ct, Walnut Creek, CA 94597",,,,,,,,,,,,,,,,,NR,,,,kathy@compass.com,
102 Brookfield Dr,Moraga,94556,Andrew,Mittler,1777000,862000,10631438738,,30311664,2026-06-22 11:31:48 UTC,Randall Churchill - Abio Properties,Active,True,True,False,churchillteam@abioproperties.com,2026-06-04 00:00:00 UTC,1795000,41133711,CACCSTA,761.2383375742154,2026-06-15 04:00:00 UTC,"Stop the search—this is the one you’ve been waiting for! Nestled on one of the most desirable, serene streets within the highly sought-after Camino Woods neighborhood, this beautifully reimagined residence perfectly balances turnkey luxury with everyday comfort. Situated peacefully at the coveted cul-de-sac end of Brookfield, this home offers an incredible blend of privacy, safety, and unbeatable curb appeal.  Pristine, Move-In Ready Interiors Every inch of this interior has been thoughtfully enhanced to meet the demands of modern living.  Chef’s Dream Kitchen: Fully renovated and equipped with premium, professional-grade Viking and Miele appliances. Whether you're hosting an elaborate dinner party or preparing a quiet weeknight meal, this kitchen is as functional as it is stunning.  Luxurious Retreats: Escape to the beautifully updated Primary Suite, featuring a spa-like attached bath. The spacious hall bathroom has also been tastefully refreshed with contemporary finishes and stylish fixtures.  Modern Lighting & Ambience: Bright, energy-efficient new LED canned lighting flows seamlessly throughout the entire home, perfectly complementing the abundance of natural light pouring through the all-new replacement windows.",2006-11-17 00:00:00 UTC,Closed,https://realty.com/mls_listing/ContraCosta/41133711,Moraga,Contra Costa,CA,102 Brookfield Dr,94556,False,True,28,False,True,2026-06-04 21:06:46 UTC,2026-06-04 00:00:00 UTC,1795000,False,False,2006-11-17 00:00:00 UTC,,Active,['Residential'],,Two Full Bath,2,4.0,2.0,False,False,False,False,False,False,False,37.821308,2358,POINT(-122.125743 37.821308),-122.125743,9800.0,Camino Woods,['Single Family Residence'],Residential,1.0,Camino Woods,1964,https://imagecdn.realty.dev/mls_photos/ContraCosta/41133711/1.jpg,1,churchillteam@abioproperties.com,Randall,Randall Churchill,Churchill,9968819707446117521,159500280BE,(925) 787-4622,,,SBIO02,9963626320447,Abio Properties,,,,Owner Occupied,62,257-292-009-4,438773,1004835,1443608,2,4,0,Grant Deed,DTGD,915000.0,71,1275463,AREA OF MINIMAL FLOOD HAZARD,X,https://imagecdn.realty.dev/mls_photos/ContraCosta/41133711/1.jpg,Residential,862000.0,1077500,2006-11-17,2026-07-22 00:00:00 UTC,37.82131647977704,,U,POINT(-122.125727596062 37.821316479777),-122.12572759606219,9800,2036-12-01,167500.0,Camino Woods,Stacy,Mittler,257-292-009-4,0,0,0.0,0.0,761.24,,,30311664,SFR,Single Family Residence,385,2006-11-29,4300.0,9,2358,1.0,4300.0,,2139519.0,798481.0,2938000.0,3.0,0,1964,19,,0,0,,NO BASEMENT,2358,False,True,False,False,False,True,False,False,False,False,True,False,False,True,True,False,False,False,False,False,False,False,True,False,False,False,,False,False,Brookfield,Contra Costa County,CA,"102 Brookfield Dr, Moraga, CA 94556",102 Brookfield Dr,Brookfield,Moraga,Contra Costa County,CA,94556,"102 Brookfield Dr, Moraga, CA 94556",,,,,,,,,,,,,,,,,NR,,,,,
31 Sandy Ct,Orinda,94563,Beau Lafayette,Epperly,2866000,1490000,10637470450,,30337835,2026-06-18 11:31:56 UTC,Dana Green - Compass,Active,True,True,False,dana@danagreenteam.com,2026-06-11 00:00:00 UTC,2895000,41137827,CACCSTA,865.4708520179372,2026-06-10 04:00:00 UTC,"4 Bedrooms + Office | 3.5 Bathrooms | 3,345± Sq. Ft. | .65± Acre Lot   Offered at $2,895,000   Perfectly Updated Orinda Retreat by Branagh Development    Tucked at the end of a coveted three-home cul-de-sac in the heart of Orinda, this 4-bedroom plus office, 3.5-bath residence offers 3,345± square feet of living space on a lush .65± acre lot. From the moment you arrive, the setting feels like a place you want to stay.   The qualities that define a Branagh home are all here: soaring ceilings that fill rooms with light, refined millwork, generous proportions made for real life, and a chef's kitchen that opens into the family room. It's the kind of space where homework gets done, dinners stretch long, and weekends feel unhurried. Recent updates, including engineered hardwood flooring, updated glass stair railings, refreshed living spaces, and a beautifully renovated primary bathroom, bring a fresh warmth to the home's timeless design. Upstairs, the primary suite is a genuine retreat with a fireplace for cool Orinda evenings, a spa-like bath for slow mornings, and a calm that's hard to leave. A dedicated office offers the flexibility today's lifestyle calls for.   Outside, the .65± acre grounds become an extension of daily life. Tend to your own vineyard, soak in the hot tub as the sun sets, host friends on the entertaining patios, or watch kids and dogs claim the expansive turf as their own. There is space to gather, relax, and enjoy the rhythm of Lamorinda living. A Tesla charger means leaving for school drop-off and errands is one less thing to think about.   Minutes from Highway 24, BART, downtown Orinda, top-rated schools, and Moraga Country Club, 31 Sandy Court offers something increasingly rare: a home that's been done right, in a place people genuinely love to live.   Move in and start enjoying it from day one.",2025-05-21 00:00:00 UTC,Closed,https://realty.com/mls_listing/ContraCosta/41137827,Orinda,Contra Costa,CA,31 Sandy Ct,94563,False,True,32,False,True,2026-06-11 17:26:45 UTC,2026-06-11 00:00:00 UTC,2895000,False,False,2025-05-21 00:00:00 UTC,,Active,['Residential'],,Four Full Bath,4,4.0,2.0,False,False,False,False,False,False,False,37.858809,3345,POINT(-122.159358 37.858809),-122.159358,28183.0,Not Listed,['Single Family Residence'],Residential,2.0,Not Listed,2005,https://imagecdn.realty.dev/mls_photos/ContraCosta/41137827/1.jpg,1,dana@danagreenteam.com,Dana,Dana Green,Green,9962564159806,159514161,(925) 339-1918,3595 Mt. Diablo Blvd.,Lafayette,CCCOMPS01,9961573644816,Compass,(925) 270-4269,94549,CA,Owner Occupied,21,270-290-032-1,1232600,1172311,2404911,3,4,0,Grant Deed,DTGD,876000.0,33,946589,AREA OF MINIMAL FLOOD HAZARD,X,https://imagecdn.realty.dev/mls_photos/ContraCosta/41137827/1.jpg,Residential,500000.0,2695000,2025-05-21,2026-07-29 00:00:00 UTC,37.85886832124842,,LOC,POINT(-122.159340574951 37.8588683212484),-122.15934057495106,28183,2045-09-26,,Glorietta,Mikele Bunce,Epperly,270-290-032-1,0,0,,,865.47,217.0,0.0,30337835,SFR,Single Family Residence,385,2025-06-05,5560.0,11,3345,2.0,5560.0,,,,,,0,2005,1,,0,0,,NO BASEMENT,3345,False,False,True,False,False,True,False,False,False,False,True,False,False,True,False,False,False,False,False,False,False,False,True,False,False,False,True,False,False,Sandy,Contra Costa County,CA,"31 Sandy Ct, Orinda, CA 94563",31 Sandy Ct,Sandy,Orinda,Contra Costa County,CA,94563,"31 Sandy Ct, Orinda, CA 94563",,,,,,,,,,,,,,,,,,,,,,
3348 Walnut Ln,Lafayette,94549,Clifford R,Eisner,1975000,454300,10631303530,,40125317,2026-06-18 03:31:47 UTC,Stephanie Mull - Compass,Active,True,True,False,stephanie@stellaandstephanie.com,2026-05-01 00:00:00 UTC,1995000,41133272,CACCSTA,903.5326086956521,2026-05-27 04:00:00 UTC,"Fabulous farmhouse style meets thoughtful, high-quality updates in this beautifully reimagined home, offering a highly sought-after open floor plan designed for both effortless entertaining and comfortable everyday living. At the heart of the home, the well-appointed chef’s kitchen features a generous breakfast bar with seating for three and flows seamlessly into the family and dining rooms, creating a warm and connected living experience. Custom built-ins, including a dedicated workspace overlooking lush greenery, add both charm and functionality. Just beyond the dining room, the inviting living room offers a cozy yet refined retreat, complete with a classic wood-burning fireplace and a charming window seat, perfect for relaxing or gathering with guests. Upstairs, four spacious bedrooms are complemented by two beautifully updated bathrooms, which include the primary suite. Multiple access points throughout the home create a seamless indoor-outdoor connection, opening to beautiful gardens, patios, and deck that offer expansive spaces for entertaining, play, and quiet moments surrounded by nature. Set on a stunning park-like property, the grounds are defined by majestic oak trees, meandering pathways, and picturesque views, offering exceptional privacy and tranquility. Ideally located on a peaceful cul-de-sac just moments from scenic trails, Las Trampas Swim Club, the Lafayette-Orinda Trail, the Lafayette Community Center, and top-rated Lafayette schools.",2020-08-22 00:00:00 UTC,Closed,https://realty.com/mls_listing/ContraCosta/41133272,Lafayette,Contra Costa,CA,3348 Walnut Ln,94549,False,True,69,False,True,2026-05-27 22:51:44 UTC,2026-05-01 00:00:00 UTC,1995000,False,False,2020-08-22 00:00:00 UTC,,Active,['Residential'],,Three Full Bath,3,4.0,2.0,False,False,False,False,False,False,False,37.875111,2208,POINT(-122.105299 37.875111),-122.105299,21340.0,Other,['Single Family Residence'],Residential,2.0,Other,1969,https://imagecdn.realty.dev/mls_photos/ContraCosta/41133272/1.jpg,1,stephanie@stellaandstephanie.com,Stephanie,Stephanie Mull,Mull,9963031716581,207061302,(925) 878-1896,3595 Mt. Diablo Blvd.,Lafayette,CCCOMPS01,9961573644816,Compass,(925) 270-4269,94549,CA,Owner Occupied,58,236-180-023-4,448429,753543,1201972,2,4,0,Intrafamily Transfer,DTIT,1186700.0,65,1295532,AREA OF MINIMAL FLOOD HAZARD,X,https://imagecdn.realty.dev/mls_photos/ContraCosta/41133272/1.jpg,Residential,334000.0,0,2020-08-22,2026-07-29 00:00:00 UTC,37.875188568501706,,LOC,POINT(-122.105285356263 37.8751885685017),-122.10528535626263,21340,2048-06-19,190250.0,Burton Valley,Mary G Coyle,Eisner,236-180-023-4,0,0,,,903.94,196.0,0.0,40125317,SFR,Single Family Residence,385,2020-08-31,4480.0,9,2207,2.0,4480.0,,,,,,0,1968,6,,0,0,,NO BASEMENT,2207,False,False,False,False,False,True,False,False,False,False,True,False,False,True,True,True,False,False,False,False,False,False,True,False,False,False,True,False,False,Walnut,Contra Costa County,CA,"3348 Walnut Ln, Lafayette, CA 94549",3348 Walnut Ln,Walnut,Lafayette,Contra Costa County,CA,94549,"3348 Walnut Ln, Lafayette, CA 94549",,,,,,,,,,,,,,,,,,,,,,
490 St Marys Rd,Lafayette,94549,Charles Mark,Brackett,2772000,405000,10632437570,,157275163,2026-06-15 03:26:46 UTC,Michael Weber - Christie's Intl RE Sereno,Active,True,True,False,mweber@sereno.com,2026-05-18 00:00:00 UTC,2800000,41134952,CACCSTA,890.5852417302799,2026-05-15 04:00:00 UTC,"Gated estate property ....Wonderful home on large lot with a creek running through.... looks like paradise. Beautifully designed home of 3144+/- square feet with an abundance of unique custom features!  Owner is a contractor with an artistic flair, who selected only the finest materials and expert workmanship to create this masterpiece.  Four bedrooms and two full baths plus a half bath. Enjoy the exquisite kitchen that will have you saying WOW!  Each window presents a postcard view!   Situated in a natural setting with no visible human neighbors.  Wildlife wander through along the seasonal Las Trampas Creek.  Vehicles can enter on either end of the gated driveway that extends through the lot.  3-car garage with beautiful wood doors.",2018-08-10 00:00:00 UTC,Closed,https://realty.com/mls_listing/ContraCosta/41134952,Lafayette,Contra Costa,CA,490 St Marys Rd,94549,False,True,31,False,True,2026-05-18 19:11:28 UTC,2026-05-18 00:00:00 UTC,2800000,False,False,2018-08-10 00:00:00 UTC,,Active,['Residential'],,Three Full Bath,3,4.0,3.0,False,False,False,False,False,True,False,37.863871,3144,POINT(-122.100183 37.863871),-122.100183,65340.0,Burton Valley,['Single Family Residence'],Residential,1.0,Burton Valley,1980,https://imagecdn.realty.dev/mls_photos/ContraCosta/41134952/1.jpg,1,mweber@sereno.com,Michael,Michael Weber,Weber,9963212827749,159509894,(925) 487-7609,156 Diablo Road Suite #203,Danville,CCSGIJ2,996634706006,Christie's Intl RE Sereno,(925) 855-4000,94526,CA,Owner Occupied,46,237-260-023-5,248103,111097,359200,2,4,0,Intrafamily Transfer,DTIT,2367000.0,88,2449473,AREA OF MINIMAL FLOOD HAZARD,X,https://imagecdn.realty.dev/mls_photos/ContraCosta/41134952/1.jpg,Residential,405000.0,0,2018-08-10,2026-07-15 00:00:00 UTC,37.86367206611898,,COV,POINT(-122.100243572937 37.863672066119),-122.10024357293703,65340,2032-01-01,190250.0,Burton Valley,Angel Okamura,Brackett,237-260-023-5,0,0,0.0,0.0,,259.0,187000.0,157275163,SFR,Single Family Residence,385,2018-08-15,4480.0,10,3144,1.0,4480.0,,3342065.0,1055935.0,4398000.0,2.0,0,1980,7,,0,0,,NO BASEMENT,3144,False,False,False,False,False,True,False,False,False,False,True,False,False,True,True,True,False,False,False,False,False,False,True,False,False,False,True,False,False,St Marys,Contra Costa County,CA,"490 St Marys Rd, Lafayette, CA 94549",490 St Marys Rd,St Marys,Lafayette,Contra Costa County,CA,94549,"490 St Marys Rd, Lafayette, CA 94549",,,,,,,,,,,,,,,,,,,,,,
130 La Espiral,Orinda,94563,Jennifer,Tiangsing,2200000,960000,10632184796,,145723615,2026-06-12 18:31:47 UTC,Ann Sharf - Village Associates Real Estate,Active - Contingent,True,True,False,ann@annsharf.com,2026-05-09 00:00:00 UTC,2200000,41134163,CACCSTA,859.7108245408363,2026-05-22 04:00:00 UTC,"Fully remodeled from top to bottom, this stunning 4 bedroom, 3.5 bath Orinda Country Club mid-century retreat offers approximately 2,559 sq ft of beautifully updated living space on a private .39 acre lot surrounded by majestic heritage oak trees and classic Orinda views. The light-filled open main level features soaring ceilings, a dramatic marble-faced fireplace, expansive picture windows, new wood flooring, and an updated kitchen with stainless steel appliances, all opening to expansive decks with a barbecue area for seamless indoor-outdoor living. The private primary suite includes its own deck and beautifully appointed bath with large windows framing the natural landscape. Additional highlights include a new roof, hidden wine cellar with adjacent storage, level front yard, smart lighting with touch-activated stair illumination and centralized controls, and a two-car garage. Tucked away yet minutes to Orinda Country Club, BART, Highway 24, the Village, and top-rated Orinda schools including Sleepy Hollow Elementary, Orinda Intermediate, and Miramonte High School.",2023-07-05 00:00:00 UTC,Closed,https://realty.com/mls_listing/ContraCosta/41134163,Orinda,Contra Costa,CA,130 La Espiral,94563,False,True,54,False,True,2026-06-12 18:31:45 UTC,2026-05-09 00:00:00 UTC,2200000,False,False,2023-07-05 00:00:00 UTC,,Active - Contingent,['Residential'],,Four Full Bath,4,4.0,2.0,False,False,False,False,False,False,False,37.89606001,2559,POINT(-122.17849496 37.89606001),-122.17849496,16900.0,Orinda C.C.,['Single Family Residence'],Residential,2.0,Orinda C.C.,1970,https://imagecdn.realty.dev/mls_photos/ContraCosta/41134163/1.jpg,1,ann@annsharf.com,Ann,Ann Sharf,Sharf,9963767802693,159505387,(925) 200-0222,51 Moraga Way Ste #1,Orinda,CCVARE,9962454058940,Village Associates Real Estate,(925) 254-0505,94563,CA,In State,56,262-060-008-6,212241,1061208,1273449,3,4,0,Intrafamily Transfer,DTIT,1240000.0,60,1325004,AREA OF MINIMAL FLOOD HAZARD,X,https://imagecdn.realty.dev/mls_photos/ContraCosta/41134163/1.jpg,Residential,960000.0,0,2023-07-05,2026-07-22 00:00:00 UTC,37.89596587620778,,COV,POINT(-122.178381398025 37.8959658762078),-122.17838139802522,16900,2051-12-01,,Orinda Country Club,Francis,Tiangsing,262-060-008-6,0,0,0.0,0.0,859.71,20.0,1200000.0,145723615,SFR,Single Family Residence,385,2023-08-03,5560.0,10,2559,,5560.0,,2440843.0,2357690.0,4798533.0,6.0,0,1970,2,0.0,1457,0,,,2559,True,False,True,False,False,False,False,False,False,False,True,False,False,True,True,True,True,True,False,False,False,False,False,False,False,False,True,False,False,La Espiral,Contra Costa County,CA,"130 La Espiral, Orinda, CA 94563",4961 John Muir Rd,John Muir,Martinez,Contra Costa County,CA,94553,"4961 John Muir Rd, Martinez, CA 94553",,,,,,,,,,,,,,,,,,,,,,
15 Surmont Ct,Lafayette,94549,Howard,Aw,1780000,884400,10630614936,,148579728,2026-06-11 03:01:51 UTC,Trang Dunlap - Intero Real Estate Services,Active,True,True,False,trangsf@gmail.com,2026-04-17 00:00:00 UTC,1798000,41131396,CACCSTA,514.0080045740423,2026-04-17 04:00:00 UTC,"Welcome to this stunning Reliez Valley residence, perfectly positioned on a private 0.73-acre lot w/sweeping views of Mount Diablo & the surrounding hillsides. Nestled at the end of a quiet court, the home features a secluded driveway & an oversized 3-car garage with EV Charger & workshop space. Boasting over 3,500 sq. ft., this home offers 5 bedrooms & 3.5 baths, including 2 family rooms (one is an office), 3 fireplaces (gas, wood & insert), Nest thermostat & Arlo security cameras. The main level features an expansive living room w/beautiful open wood beam ceilings, a cozy fireplace & Shoji screens made by master craftsman, seamlessly flowing to a wrap-around deck ideal for enjoying the panoramic views. The gourmet kitchen is a chef’s dream, equipped with granite counters, a 6-burner Dacor range, stainless steel appliances & pantry closet. Three bedrooms & 1.5 baths are conveniently located on this level. Upstairs, the spacious primary suite provides a large walk-in closet, private deck to enjoy the sunrise & a double sink vanity. The lower level offers a secluded in-law or au pair setup, including a bedroom, full bath & additional living areas, perfect for guests or extended family. Outdoor amenities include a pool w/sundeck, firepit, lighted sports court, offering endless entertainment possibilities. Enjoy easy access to hiking trails, Brookwood Park, and local conveniences like Lunardi’s Markets and Starbucks just minutes away. Downtown Lafayette and BART are only 10 minutes away. Tops-rated schools serve this community: Springhill Elementary, MH Stanley Middle, and Acalanes High.",2012-12-05 00:00:00 UTC,Closed,https://realty.com/mls_listing/ContraCosta/41131396,Lafayette,Contra Costa,CA,15 Surmont Ct,94549,False,True,62,False,True,2026-05-13 01:51:26 UTC,2026-04-17 00:00:00 UTC,1798000,False,False,2012-12-05 00:00:00 UTC,,Active,['Residential'],,Four Full Bath,4,5.0,3.0,False,True,False,True,False,False,False,37.937336,3498,POINT(-122.090349 37.937336),-122.090349,31960.0,Reliez Valley,['Single Family Residence'],Residential,3.0,Reliez Valley,1972,https://imagecdn.realty.dev/mls_photos/ContraCosta/41131396/1.jpg,1,trangsf@gmail.com,Trang,Trang Dunlap,Dunlap,9963119699917,166015444,(415) 606-2967,,,SBKS01,9962722067743,Intero Real Estate Services,,,,Owner Occupied,54,166-312-010-1,338392,891794,1230186,3,5,0,Grant Deed,DTGD,895600.0,55,995876,AREA OF MINIMAL FLOOD HAZARD,X,https://imagecdn.realty.dev/mls_photos/ContraCosta/41131396/1.jpg,Residential,884400.0,999000,2012-12-05,2026-07-15 00:00:00 UTC,37.93739859608532,,VA,POINT(-122.090343256847 37.9373985960853),-122.09034325684664,31960,2045-10-01,190250.0,,Marianne,Shaw,166-312-010-1,0,0,0.0,0.0,612.49,,,148579728,SFR,Single Family Residence,385,2012-12-11,3800.0,11,3498,,3800.0,,1903176.0,804824.0,2708000.0,2.0,0,1972,13,0.0,200,0,,,3498,False,False,True,True,False,False,False,False,False,False,True,False,False,True,True,False,False,False,False,False,False,False,True,False,True,False,,False,False,Surmont,Contra Costa County,CA,"15 Surmont Ct, Lafayette, CA 94549",15 Surmont Ct,Surmont,Lafayette,Contra Costa County,CA,94549,"15 Surmont Ct, Lafayette, CA 94549",,,,,,,,,,,,,,,,,,,,,,
206 Sheila Ct,Moraga,94556,Christopher,Fuller,1732000,575000,10636231050,,157275913,2026-06-10 11:36:54 UTC,Adrienne Broche - Coldwell Banker Realty,Active,True,True,False,abroche.re@gmail.com,2026-06-03 00:00:00 UTC,1690000,41136870,CACCSTA,885.2802514405448,2026-06-02 04:00:00 UTC,"Ideally located near top-rated schools, scenic hiking and biking trails, dining and commuting routes, this refined two-story residence offers a thoughtful blend of comfort and style.  206 Sheila Ct features an open layout, perfect for entertaining. The property has a gracious living room with fireplace and custom built-ins, and an adjoining dining area. The kitchen is complete with stainless steel appliances, double ovens, stone counters, & a gourmet pantry. The kitchen opens to a welcoming family room with a built-in bookcase & sliding doors that lead to a large, verdant backyard. Outdoor spaces include a grassy lawn, brick patio, and a separate side yard framed by mature fruit trees including plum, orange, lemon, and apple varieties. Upstairs, the primary suite offers a double vanity and deep walk-in closet, complemented by two additional bedrooms and a family bathroom. The main level includes a fourth bedroom and an updated bath, ideal for guests or flexible living. A finished two-car garage with sealed flooring and built-in storage completes this exceptional offering.",2023-10-02 00:00:00 UTC,Closed,https://realty.com/mls_listing/ContraCosta/41136870,Moraga,Contra Costa,CA,206 Sheila Ct,94556,False,True,21,False,True,2026-06-03 16:51:48 UTC,2026-06-03 00:00:00 UTC,1690000,False,False,2023-10-02 00:00:00 UTC,,Active,['Residential'],,Three Full Bath,3,4.0,2.0,False,False,False,False,False,False,False,37.829709,1909,POINT(-122.131021 37.829709),-122.131021,10450.0,None,['Single Family Residence'],Residential,2.0,None,1967,https://imagecdn.realty.dev/mls_photos/ContraCosta/41136870/1.jpg,1,abroche.re@gmail.com,Adrienne,Adrienne Broche,Broche,9963202399501,R01001270,(510) 710-6666,1495 Shattuck Ave.,Berkeley,OBBCOL 01,9962171774307,Coldwell Banker Realty,(510) 486-1495,94709,CA,Owner Occupied,59,257-411-043-9,408000,1275000,1683000,3,3,0,Grant Deed,DTGD,1157000.0,68,1185849,AREA OF MINIMAL FLOOD HAZARD,X,https://imagecdn.realty.dev/mls_photos/ContraCosta/41136870/1.jpg,Residential,575000.0,1650000,2023-10-02,2026-07-15 00:00:00 UTC,37.82970508037362,,COV,POINT(-122.131008249161 37.8297050803736),-122.13100824916145,10450,2053-11-01,167500.0,,,,257-411-043-9,0,0,,,,,0.0,157275913,SFR,Single Family Residence,385,2023-10-11,3650.0,9,1909,2.0,3650.0,,,,,,0,1967,2,,0,0,,NO BASEMENT,1909,False,False,False,False,False,True,False,False,True,False,True,False,False,True,True,False,False,False,False,False,False,False,True,False,False,False,,False,False,Sheila,Contra Costa County,CA,"206 Sheila Ct, Moraga, CA 94556",206 Sheila Ct,Sheila,Moraga,Contra Costa County,CA,94556,"206 Sheila Ct, Moraga, CA 94556",,,,,,,,,,,,,,,,,,,,,broker.record@cbnorcal.com,
136 Ardith Dr,Orinda,94563,Raanan,Dagan,1876000,0,10632645137,,148801844,2026-06-06 03:46:53 UTC,Margaret Zucker - Village Associates Real Estate,Back on Market,True,True,False,margaretzucker@comcast.net,2026-05-21 00:00:00 UTC,1895000,41135590,CACCSTA,959.493670886076,2026-05-21 04:00:00 UTC,"IVY DRIVE Neighborhood at its finest. This extensively updated single level, open floor plan is designed to take in the stunning view that does not disappoint!  The everchanging light of the hills is mesmerizing. This beautiful single level, 1975 sq.ft. home has 4 bed, 2.5 bath and is just move-in and enjoy. The large kitchen has plenty of counter space, a spacious 10 ft. island with seating and a walk-in pantry. The rich warmth of the wide plank hardwood floors and Flagstone hearth with fireplace insert make for a wonderful place to relax. Expansive windows take in the view and provide streaming natural light.  Updated baths, LED recessed lighting, foyer skylight, solar tubes, newer interior doors, and baseboards. Additional bonus room can be used as a gym or office. Ivy Drive is a great neighborhood for walking and close to 12 years of Orinda’s top ranked schools. Open Sat. June 6, 2-4 PM and  Sunday, June 7, 1-4 PM.",2026-06-17 00:00:00 UTC,Closed,https://realty.com/mls_listing/ContraCosta/41135590,Orinda,Contra Costa,CA,136 Ardith Dr.,94563,False,True,19,False,True,2026-06-03 00:01:57 UTC,2026-05-21 00:00:00 UTC,1895000,False,False,2026-06-17 00:00:00 UTC,,Back on Market,['Residential'],,Three Full Bath,3,4.0,2.0,False,False,False,False,False,False,False,37.850449,1975,POINT(-122.150088 37.850449),-122.150088,18320.0,Ivy Drive Area,['Single Family Residence'],Residential,1.0,Ivy Drive Area,1959,https://imagecdn.realty.dev/mls_photos/ContraCosta/41135590/1.jpg,1,margaretzucker@comcast.net,Margaret,Margaret Zucker,Zucker,9962573756939,159510102,(925) 286-2328,51 Moraga Way Ste #1,Orinda,CCVARE,9962454058940,Village Associates Real Estate,(925) 254-0505,94563,CA,Owner Occupied,67,271-321-022-3,93337,602407,695744,2,4,0,Grant Deed,DTGD,,100,1876000,AREA OF MINIMAL FLOOD HAZARD,X,https://imagecdn.realty.dev/mls_photos/ContraCosta/41135590/1.jpg,Residential,,2000000,2026-06-17,2026-07-15 00:00:00 UTC,37.850464528685535,,,POINT(-122.150300690452 37.8504645286855),-122.15030069045183,18320,,,Ivy Drive Area,Rachel,Brooks,271-321-022-3,0,0,,,959.49,167.0,0.0,148801844,SFR,Single Family Residence,385,2026-06-22,5560.0,8,1975,1.0,5560.0,,,,,,0,1959,0,,0,0,,NO BASEMENT,1975,False,,False,,False,True,True,False,False,False,True,False,True,True,True,False,False,False,False,False,False,False,True,False,False,False,True,False,False,Ardith,Contra Costa County,CA,"136 Ardith Dr, Orinda, CA 94563",136 Ardith Dr,Ardith,Orinda,Contra Costa County,CA,94563,"Orinda, CA 94563",,,,,,,,,,,,,,,,,,,,,,
2660 Ross Pl,Walnut Creek,94597,Srinivasan,Venkatraman,1435000,844000,10632294094,,156530986,2026-06-08 10:24:04 UTC,Anton Bion - Base Real Estate,Active,True,True,False,anton@antonbion.com,2026-05-12 00:00:00 UTC,1399999,ML82046942,CAREIL-R,874.4528419737663,,"Discover this luxury real estate in West Walnut Creek, CA, with this exquisite, fully renovated home. Offering 4 spacious bedrooms and 3 opulent bathrooms, this residence redefines upscale living with its brand new electrical system, new plumbing, and brand new central air and heating system for year-round comfort. The wide-open floor plan invites natural light and airy flow throughout, perfect for both intimate evenings and grand entertaining. The gourmet kitchen stands out with its large shaker cabinetry and central island, serving as the culinary heart of the home. Indulge in the luxury of two master suites, each providing a private retreat with tasteful details. Lavish bathrooms feature high-end finishes that mimic a spa-like experience. Dual pane windows enhance the home's tranquility and efficiency, while new flooring adds a touch of modern elegance underfoot. Located in one of Walnut Creek's most sought-after neighborhoods, this property is near top schools, fine dining, and verdant parks, making it an ideal sanctuary for those who seek the finest in California living. Don't miss your chance to make this dream home your reality.",2026-05-23 00:00:00 UTC,Closed,https://realty.com/mls_listing/MLSL/ML82046942,WALNUT CREEK,Contra Costa,CA,2660 Ross Place,94597,False,True,28,False,True,2026-05-13 00:28:02 UTC,2026-05-12 00:00:00 UTC,1399999,False,False,2026-05-23 00:00:00 UTC,,Active,['Residential'],,Three Full Bath,3,4.0,2.0,False,False,False,False,False,False,False,37.922389,1601,POINT(-122.081636 37.922389),-122.081636,10372.0,Larkey Ranch,['Single Family Residence'],Residential,1.0,,1956,https://imagecdn.realty.dev/mls_photos/MLSL/ML82046942/1.jpg,1,anton@antonbion.com,Anton,Anton Bion,Bion,471503912186,02023853,(408) 987-8888,,,6043019,4714906087721205333,Base Real Estate,(408) 987-8888,,,In State,70,171-133-004-1,274000,612000,886000,3,4,0,Intrafamily Transfer,DTIT,591000.0,44,641556,AREA OF MINIMAL FLOOD HAZARD,X,https://imagecdn.realty.dev/mls_photos/MLSL/ML82046942/1.jpg,Residential,844000.0,0,2026-05-23,2026-07-15 00:00:00 UTC,37.92235505721415,,COM,POINT(-122.081680885123 37.9223550572141),-122.08168088512348,10370,,133930.0,Larkey Ranch,,,171-133-004-1,0,0,1.0,1.0,857.23,37.0,0.0,156530986,SFR,Single Family Residence,385,2026-05-29,4360.0,7,1601,1.0,4360.0,,2139836.0,1720164.0,3860000.0,2.0,0,1956,0,,0,0,,NO BASEMENT,1601,True,False,False,False,False,True,False,False,True,False,True,False,False,True,True,True,True,True,False,False,False,False,False,False,False,False,False,False,False,Ross,Contra Costa County,CA,"2660 Ross Pl, Walnut Creek, CA 94597",6303 Skywalker Dr,Skywalker,San Jose,Santa Clara County,CA,95135,"6303 Skywalker Dr, San Jose, CA 95135",,,,,,,,,,,,,,,,,,,,,,
1603 Reliez Valley Rd,Lafayette,94549,Americo,Goncalves,2326000,1087500,10629089409,,157261231,2026-06-05 20:06:47 UTC,Samantha Browne - Keller Williams Realty,Active - Contingent,True,True,False,samanthabrowne@kw.com,2026-03-19 00:00:00 UTC,2350000,41127284,CACCSTA,544.7380621233194,2026-05-06 04:00:00 UTC,"Tucked into one acre of peaceful hillside in coveted Lafayette, this rare two-home compound offers privacy and expansive views only minutes from elite schools, commute routes, and the vibrant downtown. The beautifully refreshed 2,654± sq ft main home includes 4 bedrooms and 3.5 baths with vaulted ceilings, hardwood floors, Andersen windows and doors, and fresh paint. Designed for both everyday living and elegant entertaining, the home offers two living spaces with a fireplace, built-in bar and four balconies for breathing in the stunning views. Downstairs there’s new carpeting and updated bathrooms, including a light-filled primary suite with a soaking tub.  The architectural centerpiece is a 1,660± sq ft ADU with its own address and parking, believed to be designed by Leon Meyer. With walls of windows and oiled redwood, the 3 bed/ 2 bath retreat blends architectural character with modern updates including remodeled bathrooms, a built-in office, private patio, and an impressive primary closet. The grounds are designed for recreation with a Sport Court® for basketball / pickleball plus an entertaining area with BBQ, fountain, arbor, speakers, and EV charger. The property for sale is 1603B Reliez Valley Road, which includes the adu (Unit C).",2024-07-29 00:00:00 UTC,Closed,https://realty.com/mls_listing/ContraCosta/41127284,Lafayette,Contra Costa,CA,1603 Reliez Valley Road,94549,False,True,105,False,True,2026-06-05 16:36:44 UTC,2026-03-19 00:00:00 UTC,2350000,False,False,2024-07-29 00:00:00 UTC,,Active - Contingent,['Residential Income'],,Zero Full Bath,0,7.0,,False,False,False,False,False,False,False,37.924361,4314,POINT(-122.111158 37.924361),-122.111158,44866.0,Reliez Valley,['Multi Family'],Residential Income,,Reliez Valley,1994,https://imagecdn.realty.dev/mls_photos/ContraCosta/41127284/1.jpg,1,samanthabrowne@kw.com,Samantha,Samantha Browne,Browne,9963924545214656220,159536626,(510) 813-5610,"201 N Civic Drive, Suite 130",Walnut Creek,CCKELW,9962410139301,Keller Williams Realty,(925) 934-2900,94596,CA,Owner Occupied,96,167-191-006-3,450000,1000000,1450000,2,3,0,Intrafamily Transfer,DTIT,151000.0,9,227473,AREA OF MINIMAL FLOOD HAZARD,X,https://imagecdn.realty.dev/mls_photos/ContraCosta/41127284/1.jpg,Residential,1087500.0,0,2024-07-29,2026-07-22 00:00:00 UTC,37.92476429084092,,COV,POINT(-122.110512755813 37.9247642908409),-122.1105127558126,50530,2054-09-01,190250.0,Brookwood,,,167-191-006-3,0,0,,,935.16,0.0,1450000.0,157261231,SFR,Single Family Residence,385,2024-08-05,3800.0,9,2406,,3800.0,,,,,,0,1930,1,0.0,652,0,,,2406,False,False,False,False,False,False,False,False,False,False,True,False,False,False,False,True,False,False,False,False,False,False,True,False,False,False,True,False,False,Reliez Valley,Contra Costa County,CA,"1603 Reliez Valley Rd, Lafayette, CA 94549",1603 Reliez Valley Rd,Reliez Valley,Lafayette,Contra Costa County,CA,94549,"1603 Reliez Valley Rd, Lafayette, CA 94549",,,,,,,,,,,,,,,,,,,,,,
1827 Lamplight Ct,Walnut Creek,94597,Steven,Brown,1276000,0,10632581481,,40098366,2026-06-01 23:51:54 UTC,Kim Strand - Dudum Real Estate Group,Active,True,True,False,kimmstrand@comcast.net,2026-05-23 00:00:00 UTC,1289000,41135375,CACCSTA,550.6193934216147,2026-05-20 04:00:00 UTC,"One of the largest floor plans in the Beacon Ridge development, this light-filled end-unit townhome offers soaring ceilings, walls of windows, plantation shutters, and filtered hill views. With separate living, dining, and family rooms, plus a stylish retro wet bar, there is plenty of space to relax and entertain. Thoughtfully upgraded and beautifully maintained with exceptional attention to detail this turnkey property is ready for a new owner AND IT IS SITUATED IN THE LAFAYETTE AND ACALANES SENIOR HIGH SCHOOL DISTRICT.  A recently rebuilt private balcony off the living room is the perfect spot for morning coffee.  All interior walls were professionally repainted in January 2026. The updated eat-in kitchen features custom cabinetry, solid-surface counters, newer appliances, skylights, and a sunny breakfast nook. Adjacent is a cozy family room with a fireplace. UPSTAIRS INCLUDES AN EXPANSIVE PRIMARY SUITE, SECOND BEDROOM AND A THIRD ROOM WHICH CAN BE USED AS A HOME OFFICE OR BEDROOM.  Located at the end of the street in a peaceful hilltop setting, this special home is directly across from the Acalanes Ridge Open Space which connects to the East Bay Regional Park trails...Dog lovers and outdoor enthusiasts will especially appreciate the trails and open space.  Unique, spacious, and full of opportunity, this is a truly special property in an equally special setting.",2013-02-23 00:00:00 UTC,Closed,https://realty.com/mls_listing/ContraCosta/41135375,Walnut Creek,Contra Costa,CA,1827 Lamplight Court,94597,False,True,47,False,True,2026-05-23 17:56:27 UTC,2026-05-23 00:00:00 UTC,1289000,False,False,2013-02-23 00:00:00 UTC,,Active,['Residential'],973.0,Three Full Bath,3,3.0,2.0,False,True,False,False,False,False,False,37.911506,2341,POINT(-122.093858 37.911506),-122.093858,2296.0,Beacon Ridge,['Townhouse'],Residential,2.0,Beacon Ridge,1981,https://imagecdn.realty.dev/mls_photos/ContraCosta/41135375/1.jpg,1,kimmstrand@comcast.net,Kim,Kim Strand,Strand,9962296600313,159508061,(925) 899-6498,1148 Alpine Rd,Walnut Creek,CCDUDREG,9962348448257,Dudum Real Estate Group,(925) 937-4000,94596,CA,Owner Occupied,43,175-360-010-3,300462,554138,854600,2,3,0,Grant Deed,DTGD,,100,1276000,AREA OF MINIMAL FLOOD HAZARD,X,https://imagecdn.realty.dev/mls_photos/ContraCosta/41135375/1.jpg,Residential,,694000,2013-02-23,2026-07-29 00:00:00 UTC,37.911494474610265,,,POINT(-122.09382706066 37.9114944746103),-122.0938270606599,2296,,133930.0,Beacon Ridge,Marilyn,Brown,175-360-010-3,0,0,,,527.55,104.0,770000.0,40098366,SFR,Townhouse,386,2013-02-28,2830.0,9,2341,2.0,2830.0,,,,,,0,1983,13,,0,0,,NO BASEMENT,2341,False,,True,,False,True,True,False,False,False,True,False,True,True,True,False,False,False,False,False,False,False,True,False,False,False,True,False,False,Lamplight,Contra Costa County,CA,"1827 Lamplight Ct, Walnut Creek, CA 94597",1827 Lamplight Ct,Lamplight,Walnut Creek,Contra Costa County,CA,94597,"1827 Lamplight Ct, Walnut Creek, CA 94597",,,,,,,,,,,,,,,,,,,,,,
